{"zone_cooling_setpoint_1": 30.0, "zone_cooling_setpoint_2": 30.0, "zone_cooling_setpoint_3": 30.0, "zone_cooling_setpoint_4": 30.0, "zone_cooling_setpoint_5": 30.0, "zone_heating_setpoint_1": 15.0, "zone_heating_setpoint_2": 15.0, "zone_heating_setpoint_3": 15.0, "zone_heating_setpoint_4": 15.0, "zone_heating_setpoint_5": 15.0, "zone_air_temp_1": 22.3113850949172, "zone_air_temp_2": 22.276633105403143, "zone_air_temp_3": 22.292058871939844, "zone_air_temp_4": 22.23503324598778, "zone_air_temp_5": 22.501245944183413, "VAV_ENERGY_total": 13179.868552527469, "VAV_ENERGY": 13183.418827583148, "VAV_ENERGY_TEMP": 1.1831606146077789, "hour": 23, "PPD1": 210.82954032278644, "PPD2": 205.22451437922996, "PPD3": 208.6712761117377, "PPD4": 208.12173993630415, "PPD5": 221.315892984679, "_timestamp": 1737887194.5891476, "_runtime": 111.22247266769409, "_step": 8928, "agent_reward_1": -653.8049968044425, "agent_reward_2": -651.5629864270198, "agent_reward_3": -652.9416911200243, "agent_reward_4": -652.7218766498518, "agent_reward_5": -657.9995378691989, "total_reward": -3269.031088870537, "_wandb": {"runtime": 109}}