{"zone_cooling_setpoint_1": 30.0, "zone_cooling_setpoint_2": 30.0, "zone_cooling_setpoint_3": 30.0, "zone_cooling_setpoint_4": 30.0, "zone_cooling_setpoint_5": 30.0, "zone_heating_setpoint_1": 15.0, "zone_heating_setpoint_2": 15.0, "zone_heating_setpoint_3": 15.0, "zone_heating_setpoint_4": 15.0, "zone_heating_setpoint_5": 15.0, "zone_air_temp_1": 22.311483905171258, "zone_air_temp_2": 22.276734010465088, "zone_air_temp_3": 22.29215948231014, "zone_air_temp_4": 22.235133302757905, "zone_air_temp_5": 22.501352734118306, "VAV_ENERGY_total": 13635.556396407466, "VAV_ENERGY": 13639.106671463145, "VAV_ENERGY_TEMP": 1.1831606146077789, "hour": 23, "PPD1": 210.14540860011493, "PPD2": 204.7013868850218, "PPD3": 208.13863926523695, "PPD4": 207.37481460609183, "PPD5": 220.6980491891317, "_timestamp": 1743215566.679465, "_runtime": 114.45345902442932, "_step": 8928, "agent_reward_1": -673.2170589709931, "agent_reward_2": -671.0394502849553, "agent_reward_3": -672.4143512370413, "agent_reward_4": -672.1088213733841, "agent_reward_5": -677.4381152065973, "total_reward": -3366.217797072971, "_wandb": {"runtime": 113}}