{"zone_cooling_setpoint_1": 30.0, "zone_cooling_setpoint_2": 30.0, "zone_cooling_setpoint_3": 30.0, "zone_cooling_setpoint_4": 30.0, "zone_cooling_setpoint_5": 30.0, "zone_heating_setpoint_1": 15.0, "zone_heating_setpoint_2": 15.0, "zone_heating_setpoint_3": 15.0, "zone_heating_setpoint_4": 15.0, "zone_heating_setpoint_5": 15.0, "zone_air_temp_1": 22.340097177648456, "zone_air_temp_2": 22.30517989563799, "zone_air_temp_3": 22.32119580195898, "zone_air_temp_4": 22.263900336214828, "zone_air_temp_5": 22.53387393131929, "VAV_ENERGY_total": 13011.453712492746, "VAV_ENERGY": 13015.003987548425, "VAV_ENERGY_TEMP": 1.1831606146077789, "hour": 23, "PPD1": 191.86891718334732, "PPD2": 203.86388038245164, "PPD3": 190.04789287549085, "PPD4": 192.61720228079892, "PPD5": 194.80862003042515, "_timestamp": 1738151647.619483, "_runtime": 112.69665908813477, "_step": 8928, "agent_reward_1": -638.9452264591681, "agent_reward_2": -643.7432117388105, "agent_reward_3": -638.2168167360269, "agent_reward_4": -639.244540498149, "agent_reward_5": -640.1211075979995, "total_reward": -3200.270903030154, "_wandb": {"runtime": 109}}