{"zone_cooling_setpoint_1": 30.0, "zone_cooling_setpoint_2": 30.0, "zone_cooling_setpoint_3": 30.0, "zone_cooling_setpoint_4": 30.0, "zone_cooling_setpoint_5": 30.0, "zone_heating_setpoint_1": 15.0, "zone_heating_setpoint_2": 15.0, "zone_heating_setpoint_3": 15.0, "zone_heating_setpoint_4": 15.0, "zone_heating_setpoint_5": 15.0, "zone_air_temp_1": 22.34376049775624, "zone_air_temp_2": 22.309422743794467, "zone_air_temp_3": 22.324919364094143, "zone_air_temp_4": 22.267610939447266, "zone_air_temp_5": 22.537752002600758, "VAV_ENERGY_total": 13511.933821190796, "VAV_ENERGY": 13515.484096246475, "VAV_ENERGY_TEMP": 1.1831606146077789, "hour": 23, "PPD1": 190.94043408174622, "PPD2": 188.99398137673046, "PPD3": 189.2559642896966, "PPD4": 191.504544581336, "PPD5": 193.29979409645682, "_timestamp": 1743989681.808087, "_runtime": 112.77060317993164, "_step": 8928, "agent_reward_1": -660.1945739142853, "agent_reward_2": -659.4159928322772, "agent_reward_3": -659.5207859974654, "agent_reward_4": -660.4202181141186, "agent_reward_5": -661.1383179201687, "total_reward": -3300.6898887783154, "_wandb": {"runtime": 111}}