{"zone_cooling_setpoint_1": 25.5, "zone_cooling_setpoint_2": 25.5, "zone_cooling_setpoint_3": 25.5, "zone_cooling_setpoint_4": 25.5, "zone_cooling_setpoint_5": 25.5, "zone_heating_setpoint_1": 24.5, "zone_heating_setpoint_2": 24.5, "zone_heating_setpoint_3": 24.5, "zone_heating_setpoint_4": 24.5, "zone_heating_setpoint_5": 24.5, "zone_air_temp_1": 24.499641850022947, "zone_air_temp_2": 24.499705649091464, "zone_air_temp_3": 24.49985036820665, "zone_air_temp_4": 24.497935987090706, "zone_air_temp_5": 23.094083503262652, "VAV_ENERGY_total": 0, "VAV_ENERGY": 6977.677863174537, "VAV_ENERGY_TEMP": 5.966229358479075, "hour": 6, "PPD1": 0, "PPD2": 0, "PPD3": 0, "PPD4": 0, "PPD5": 0, "_timestamp": 1744720708.0157678, "_runtime": 63.15094876289368, "_step": 4827}