{"zone_cooling_setpoint_1": 25.5, "zone_cooling_setpoint_2": 25.5, "zone_cooling_setpoint_3": 25.5, "zone_cooling_setpoint_4": 25.5, "zone_cooling_setpoint_5": 25.5, "zone_heating_setpoint_1": 24.5, "zone_heating_setpoint_2": 24.5, "zone_heating_setpoint_3": 24.5, "zone_heating_setpoint_4": 24.5, "zone_heating_setpoint_5": 24.5, "zone_air_temp_1": 25.499031774801004, "zone_air_temp_2": 25.498694518746124, "zone_air_temp_3": 25.498893527613827, "zone_air_temp_4": 25.498922017189976, "zone_air_temp_5": 25.498965626966346, "VAV_ENERGY_total": 0, "VAV_ENERGY": 2017.8140189251744, "VAV_ENERGY_TEMP": 1.1848283668695183, "hour": 8, "PPD1": 5.683261618092658, "PPD2": 5.132260142429288, "PPD3": 5.318286458076713, "PPD4": 5.625985360312583, "PPD5": 6.006671353880506, "_timestamp": 1744720640.352732, "_runtime": 26.97283101081848, "_step": 1474}