{"zone_cooling_setpoint_1": 30.0, "zone_cooling_setpoint_2": 30.0, "zone_cooling_setpoint_3": 30.0, "zone_cooling_setpoint_4": 30.0, "zone_cooling_setpoint_5": 30.0, "zone_heating_setpoint_1": 15.0, "zone_heating_setpoint_2": 15.0, "zone_heating_setpoint_3": 15.0, "zone_heating_setpoint_4": 15.0, "zone_heating_setpoint_5": 15.0, "zone_air_temp_1": 22.343760497809104, "zone_air_temp_2": 22.30942274384304, "zone_air_temp_3": 22.324919364143316, "zone_air_temp_4": 22.26761093949518, "zone_air_temp_5": 22.53775200262402, "VAV_ENERGY_total": 13511.933742354186, "VAV_ENERGY": 13515.484017409864, "VAV_ENERGY_TEMP": 1.183160614607774, "hour": 23, "PPD1": 190.9404350073021, "PPD2": 188.99398240015637, "PPD3": 189.25596536354573, "PPD4": 191.50454507815346, "PPD5": 193.29979661830419, "_timestamp": 1744726641.4448159, "_runtime": 111.4870138168335, "_step": 8928, "agent_reward_1": -660.194570878769, "agent_reward_2": -659.4159898359085, "agent_reward_3": -659.5207830212674, "agent_reward_4": -660.4202149071082, "agent_reward_5": -661.138315523171, "total_reward": -3300.689874166224, "_wandb": {"runtime": 110}}