{"zone_cooling_setpoint_1": 30.0, "zone_cooling_setpoint_2": 30.0, "zone_cooling_setpoint_3": 30.0, "zone_cooling_setpoint_4": 30.0, "zone_cooling_setpoint_5": 30.0, "zone_heating_setpoint_1": 15.0, "zone_heating_setpoint_2": 15.0, "zone_heating_setpoint_3": 15.0, "zone_heating_setpoint_4": 15.0, "zone_heating_setpoint_5": 15.0, "zone_air_temp_1": 22.34358584048312, "zone_air_temp_2": 22.30924463479394, "zone_air_temp_3": 22.32474143961543, "zone_air_temp_4": 22.267433917890084, "zone_air_temp_5": 22.537563719645153, "VAV_ENERGY_total": 12988.34238496211, "VAV_ENERGY": 12991.89266001779, "VAV_ENERGY_TEMP": 1.1831606146077789, "hour": 23, "PPD1": 191.82958938585568, "PPD2": 189.70628311821457, "PPD3": 189.99455562248846, "PPD4": 192.58206515639068, "PPD5": 194.7438992678023, "_timestamp": 1743215354.7671752, "_runtime": 114.06185030937195, "_step": 8928, "agent_reward_1": -637.9310859908483, "agent_reward_2": -637.0817634837924, "agent_reward_3": -637.1970724855005, "agent_reward_4": -638.2320762990621, "agent_reward_5": -639.0968099436261, "total_reward": -3189.5388082028294, "_wandb": {"runtime": 113}}